Date,Source,Location,Description,Lead Type,Status
2026-03-07,Reddit (r/DMV),Texas,"User 'pokemon-god-arceus' asking how to get title for gifted car without speaking to ex-stepfather; considers bonded title.",Bonded Title,Active
2026-03-07,René Bates Auction,Euless TX,Auction for 2007 Nissan Versa with 'BONDED TITLE' listed as requirement/status.,Bonded Title,Opportunity
2026-03-06,Search,Texas,No high-intent leads found in last 48 hours (Reddit/Forums),None,N/A
2026-02-25,r/legaladvice,Dallas TX,VIN/Title discrepancy,Potential Bonded Title,Reported to AutoPax
2026-02-25,r/carflipping,Unknown,Aspiring dealer planning to flip cars,Needs Texas Auto Dealer Bond,Reported to AutoPax
2026-02-28,Reddit (r/projectcar),Texas,"User asking for bonded title advice. High intent.",Bonded Title,Reported to AutoPax
2026-02-28,Reddit (r/mazda),Texas,"User asking about obtaining title for abandoned vehicle.",Lost Title,Reported to AutoPax
2026-03-05,r/DMV,Texas/California,Deceased co-owner on Texas title (niche issue),Bonded Title / Estate,Active
2026-03-05,r/legaladvice,Texas,Sold truck forgot to date title/remove plates,Title Transfer Liability,Active
2026-03-05,r/texas,Houston,Paid off car - needs 'clean title' clarification,Title Maintenance,Active
